{"tsn": {"mean": 270.99694716894, "std": 7.769556710318259, "std_delta": 0.7673430179393478}, "istl1": {"mean": 272.64653380471873, "std": 2.9773480905450165, "std_delta": 0.22880931383942135}, "tcc": {"mean": 0.0, "std": 0.7286749187283735, "std_delta": 0.20653379952872727}, "hcc": {"mean": 0.0, "std": 0.537276601030666, "std_delta": 0.24861644907569075}, "mcc": {"mean": 0.0, "std": 0.41818797811695463, "std_delta": 0.20857976087878632}, "lcc": {"mean": 0.0, "std": 0.5265355067404396, "std_delta": 0.19642809714284984}, "u10": {"mean": 2.374103744704434, "std": 8.810682811265806, "std_delta": 2.1083900355417553}, "v10": {"mean": -0.021507596511827227, "std": 6.111241813892029, "std_delta": 2.373682742824944}, "tp": {"mean": 0.0, "std": 0.004234433004840885, "std_delta": 0.003324391414099667}, "sf": {"mean": 0.0, "std": 0.0004858969756986026, "std_delta": 0.0003476935770938626}, "r0": {"mean": 0.0, "std": 0.7404664787181503, "std_delta": 0.06800373113719632}, "r1": {"mean": 0.0, "std": 0.7538079996209633, "std_delta": 0.06638527349502549}, "r2": {"mean": 0.0, "std": 0.7745363439174776, "std_delta": 0.0657831149757591}, "r3": {"mean": 0.0, "std": 0.7954412151402743, "std_delta": 0.06559592819911446}, "r4": {"mean": 0.0, "std": 0.8008876399816074, "std_delta": 0.07006859180261167}, "r5": {"mean": 0.0, "std": 0.7805094232434499, "std_delta": 0.08306972326539515}, "r6": {"mean": 0.0, "std": 0.7439165179106805, "std_delta": 0.10259333473853552}, "r7": {"mean": 0.0, "std": 0.7088634758528956, "std_delta": 0.11640146430080481}, "r8": {"mean": 0.0, "std": 0.6653610126470456, "std_delta": 0.12670685721426678}, "r9": {"mean": 0.0, "std": 0.6228104986731263, "std_delta": 0.13146296638226906}, "r10": {"mean": 0.0, "std": 0.5891885758809291, "std_delta": 0.13391018021306988}, "r11": {"mean": 0.0, "std": 0.5600139366630621, "std_delta": 0.13489845232186512}, "r12": {"mean": 0.0, "std": 0.5271014941196469, "std_delta": 0.13532508197677756}, "r13": {"mean": 0.0, "std": 0.5084560655603495, "std_delta": 0.13586485402095147}, "r14": {"mean": 0.0, "std": 0.4836546311250255, "std_delta": 0.1355433840926354}, "r15": {"mean": 0.0, "std": 0.450973328781339, "std_delta": 0.13238136096356223}, "r16": {"mean": 0.0, "std": 0.42969941165462966, "std_delta": 0.12850892623966953}, "r17": {"mean": 0.0, "std": 0.41675909423120305, "std_delta": 0.12393851546567243}, "r18": {"mean": 0.0, "std": 0.4059601217728185, "std_delta": 0.11843384347267888}, "r19": {"mean": 0.0, "std": 0.393928087711687, "std_delta": 0.11224348919088357}, "r20": {"mean": 0.0, "std": 0.3780277834485009, "std_delta": 0.10503556421763859}, "r21": {"mean": 0.0, "std": 0.353426144803501, "std_delta": 0.09441223101071602}, "r22": {"mean": 0.0, "std": 0.3188523802423746, "std_delta": 0.07967097801724475}, "r23": {"mean": 0.0, "std": 0.27361609551343813, "std_delta": 0.05647179993187384}, "r24": {"mean": 0.0, "std": 0.2720168677884526, "std_delta": 0.047542318140183844}, "r25": {"mean": 0.0, "std": 0.25833996461631603, "std_delta": 0.04338276238643197}, "r26": {"mean": 0.0, "std": 0.12150719470706553, "std_delta": 0.023236154651086353}, "r27": {"mean": 0.0, "std": 0.053808322614485246, "std_delta": 0.006884945246391563}, "r28": {"mean": 0.0, "std": 0.047189211853389194, "std_delta": 0.004866410002000888}, "r29": {"mean": 0.0, "std": 0.04394721491332442, "std_delta": 0.004710091946828412}, "r30": {"mean": 0.0, "std": 0.030845544947492674, "std_delta": 0.004194217115387303}, "r31": {"mean": 0.0, "std": 0.009027959954450908, "std_delta": 0.0020465832338430216}, "r32": {"mean": 0.0, "std": 0.0014552637222713504, "std_delta": 0.00047420791396750284}, "r33": {"mean": 0.0, "std": 0.00017051751260638631, "std_delta": 5.4096435298166834e-05}, "r34": {"mean": 0.0, "std": 2.6061813982832797e-05, "std_delta": 6.298387765229454e-06}, "r35": {"mean": 0.0, "std": 9.782219406809423e-06, "std_delta": 2.691741731926229e-06}, "r36": {"mean": 0.0, "std": 0.000114282636940293, "std_delta": 2.9216594126458415e-05}, "z0": {"mean": 545.3407966770416, "std": 38.58763872238061, "std_delta": 2.913790692028268}, "z1": {"mean": 1381.264140464963, "std": 96.75212807906827, "std_delta": 6.434948539488349}, "z2": {"mean": 2472.2734059867153, "std": 171.05350557267388, "std_delta": 10.523988663212265}, "z3": {"mean": 3888.689698363997, "std": 265.2395942300993, "std_delta": 15.239312207836312}, "z4": {"mean": 5715.437290578681, "std": 383.201040146751, "std_delta": 20.605777948039375}, "z5": {"mean": 8051.887556235965, "std": 528.5688177697947, "std_delta": 26.664336146743484}, "z6": {"mean": 11009.072856486633, "std": 703.8147444228799, "std_delta": 33.544928156947826}, "z7": {"mean": 13382.912916464742, "std": 837.555738395914, "std_delta": 38.66519473635529}, "z8": {"mean": 16117.918752406742, "std": 984.2630495411447, "std_delta": 44.25278049867221}, "z9": {"mean": 19243.435533949094, "std": 1142.7995046428641, "std_delta": 50.356849966168014}, "z10": {"mean": 22780.71038435343, "std": 1311.8718564543697, "std_delta": 57.13937186161076}, "z11": {"mean": 26740.223449713645, "std": 1490.1491282193874, "std_delta": 64.83972471027019}, "z12": {"mean": 33460.004344663896, "std": 1771.4135916678172, "std_delta": 78.45469666867048}, "z13": {"mean": 41036.462790118545, "std": 2065.837594217838, "std_delta": 95.03401688815734}, "z14": {"mean": 49296.47114337288, "std": 2374.1089903722354, "std_delta": 114.75895453356493}, "z15": {"mean": 57962.462887667505, "std": 2698.2537832834637, "std_delta": 136.9028469996572}, "z16": {"mean": 66698.92038049918, "std": 3035.7142971450958, "std_delta": 159.68627656176076}, "z17": {"mean": 75422.87394888184, "std": 3386.2870123272346, "std_delta": 180.92490785257237}, "z18": {"mean": 84125.32896646656, "std": 3743.2490361788164, "std_delta": 197.6714729779934}, "z19": {"mean": 92804.8807064213, "std": 4088.885863149037, "std_delta": 206.3877721503597}, "z20": {"mean": 101472.54796554167, "std": 4393.47200502867, "std_delta": 204.38544855747915}, "z21": {"mean": 110152.29074941503, "std": 4622.138614094634, "std_delta": 192.33351571354532}, "z22": {"mean": 118875.89851450987, "std": 4748.677923341285, "std_delta": 175.48845858223473}, "z23": {"mean": 133580.31394860096, "std": 4716.339581127173, "std_delta": 153.42171521856596}, "z24": {"mean": 148533.70453180172, "std": 4436.476067961949, "std_delta": 141.93791919803655}, "z25": {"mean": 163832.56194985012, "std": 4053.2792683617968, "std_delta": 136.69942749888025}, "z26": {"mean": 179836.4576108483, "std": 3818.182398270785, "std_delta": 138.67200568705726}, "z27": {"mean": 197576.48059234308, "std": 3882.7695129073204, "std_delta": 147.02869743356126}, "z28": {"mean": 218087.03088301962, "std": 4216.981870915227, "std_delta": 161.33437646137045}, "z29": {"mean": 241926.16512606823, "std": 4773.736794114227, "std_delta": 182.06310157878602}, "z30": {"mean": 270000.6925965777, "std": 5558.145702050914, "std_delta": 210.92186831160058}, "z31": {"mean": 303672.93162872246, "std": 6593.701035806611, "std_delta": 254.80058923744195}, "z32": {"mean": 345156.9385516943, "std": 7936.857098585632, "std_delta": 331.04414725338427}, "z33": {"mean": 398402.5716500107, "std": 9757.299134081284, "std_delta": 485.4016514665447}, "z34": {"mean": 468413.21346542734, "std": 11933.416001619158, "std_delta": 814.421100737512}, "z35": {"mean": 555987.406386305, "std": 12752.09891163793, "std_delta": 1063.227471082212}, "z36": {"mean": 660917.529598349, "std": 10632.225948174593, "std_delta": 1194.6515171731305}, "t0": {"mean": 287.34689944778586, "std": 14.792741576123948, "std_delta": 1.4413579619203163}, "t1": {"mean": 286.826987298762, "std": 14.403295522053387, "std_delta": 1.2884031485398841}, "t2": {"mean": 286.0912037394113, "std": 14.006357271209193, "std_delta": 1.1784262473020064}, "t3": {"mean": 285.1553706672706, "std": 13.615889124497768, "std_delta": 1.0819074649274263}, "t4": {"mean": 284.08555781995784, "std": 13.281689016037207, "std_delta": 1.0131350084184423},